{"val_loss": [44.62324940074574, 44.75527676669034, 40.209590911865234, 44.43977876143022, 32.231538252397016], "loss": [101.11679788160075, 73.38079564359175, 66.3301170508899, 61.792934198030004, 59.66353727011156], "val_viterbi_accuracy": [0.41781874039938555, 0.4649859943977591, 0.36589698046181174, 0.34098360655737703, 0.4376068376068376]}